t,true_x,true_y,meas_x,meas_y,est_x,est_y,sig_x,sig_y
0.000,10.000,0.000,9.862,0.214,9.862,0.214,0.3453,0.3453
0.050,9.997,0.250,9.928,0.598,9.911,0.564,0.1731,0.1731
0.100,9.988,0.500,9.813,0.500,9.867,0.679,0.1309,0.1309
0.150,9.972,0.749,10.652,0.746,10.096,0.874,0.1095,0.1095
0.200,9.950,0.998,9.833,1.209,10.020,1.140,0.0961,0.0961
0.250,9.922,1.247,,,10.003,1.387,0.0963,0.0963
0.300,9.888,1.494,9.941,1.608,9.961,1.625,0.0868,0.0868
0.350,9.847,1.741,9.999,1.724,9.933,1.848,0.0798,0.0798
0.400,9.801,1.987,,,9.899,2.093,0.0800,0.0800
0.450,9.748,2.231,10.035,2.279,9.868,2.324,0.0744,0.0744
0.500,9.689,2.474,9.218,2.570,9.734,2.572,0.0699,0.0699
0.550,9.624,2.715,,,9.680,2.816,0.0703,0.0703
0.600,9.553,2.955,9.536,2.666,9.608,3.011,0.0664,0.0664
0.650,9.477,3.193,,,9.551,3.252,0.0669,0.0669
0.700,9.394,3.429,9.117,3.263,9.423,3.470,0.0636,0.0636
0.750,9.305,3.663,,,9.351,3.710,0.0641,0.0641
0.800,9.211,3.894,9.127,3.849,9.247,3.917,0.0612,0.0612
0.850,9.110,4.123,8.840,3.913,9.111,4.130,0.0587,0.0587
0.900,9.004,4.350,9.141,4.308,9.005,4.346,0.0566,0.0566
0.950,8.893,4.573,8.772,4.900,8.884,4.593,0.0546,0.0546
1.000,8.776,4.794,8.673,4.585,8.758,4.802,0.0529,0.0529
1.050,8.653,5.012,,,8.643,5.026,0.0533,0.0533
1.100,8.525,5.227,,,8.529,5.251,0.0541,0.0541
1.150,8.392,5.438,,,8.415,5.475,0.0552,0.0552
1.200,8.253,5.646,,,8.301,5.699,0.0568,0.0568
1.250,8.110,5.851,8.324,6.029,8.131,5.894,0.0541,0.0541
1.300,7.961,6.052,8.015,6.074,7.982,6.076,0.0524,0.0524
1.350,7.807,6.249,,,7.842,6.279,0.0532,0.0532
1.400,7.648,6.442,,,7.703,6.482,0.0543,0.0543
1.450,7.485,6.631,7.901,6.560,7.546,6.653,0.0523,0.0523
1.500,7.317,6.816,,,7.393,6.848,0.0532,0.0532
1.550,7.144,6.997,6.963,6.981,7.195,7.019,0.0515,0.0515
1.600,6.967,7.174,6.463,7.100,6.980,7.180,0.0501,0.0501
1.650,6.786,7.345,,,6.811,7.361,0.0508,0.0508
1.700,6.600,7.513,6.797,7.375,6.619,7.509,0.0494,0.0494
1.750,6.410,7.675,,,6.437,7.681,0.0502,0.0502
1.800,6.216,7.833,6.177,8.117,6.227,7.848,0.0489,0.0489
1.850,6.018,7.986,6.300,7.949,6.042,8.002,0.0477,0.0477
1.900,5.817,8.134,5.785,8.175,5.840,8.152,0.0467,0.0467
1.950,5.612,8.277,5.483,8.443,5.626,8.300,0.0457,0.0457
2.000,5.403,8.415,5.346,8.603,5.410,8.443,0.0448,0.0448
2.050,5.191,8.547,,,5.204,8.585,0.0453,0.0453
2.100,4.976,8.674,,,4.997,8.728,0.0462,0.0462
2.150,4.757,8.796,,,4.791,8.870,0.0476,0.0476
2.200,4.536,8.912,4.454,8.475,4.548,8.946,0.0462,0.0462
2.250,4.312,9.023,,,4.332,9.074,0.0473,0.0473
2.300,4.085,9.128,,,4.115,9.203,0.0488,0.0488
2.350,3.855,9.227,,,3.899,9.332,0.0507,0.0507
2.400,3.624,9.320,3.892,9.356,3.642,9.389,0.0484,0.0484
2.450,3.389,9.408,3.453,9.649,3.409,9.467,0.0471,0.0471
2.500,3.153,9.490,3.240,9.199,3.170,9.535,0.0461,0.0461
2.550,2.915,9.566,2.974,9.493,2.934,9.594,0.0452,0.0452
2.600,2.675,9.636,,,2.698,9.677,0.0458,0.0458
2.650,2.433,9.699,,,2.461,9.759,0.0468,0.0468
2.700,2.190,9.757,2.212,10.044,2.213,9.816,0.0457,0.0457
2.750,1.945,9.809,1.757,9.629,1.957,9.842,0.0448,0.0448
2.800,1.700,9.854,1.745,10.006,1.715,9.885,0.0440,0.0440
2.850,1.453,9.894,1.625,9.869,1.477,9.925,0.0433,0.0433
2.900,1.205,9.927,1.136,9.859,1.221,9.959,0.0426,0.0426
2.950,0.956,9.954,,,0.973,10.002,0.0432,0.0432
3.000,0.707,9.975,,,0.725,10.045,0.0441,0.0441
3.050,0.458,9.990,0.483,10.266,0.481,10.050,0.0432,0.0432
3.100,0.208,9.998,0.244,9.884,0.232,10.043,0.0425,0.0425
3.150,-0.042,10.000,-0.449,10.058,-0.040,10.044,0.0419,0.0419
3.200,-0.292,9.996,0.052,9.620,-0.277,10.019,0.0413,0.0413
3.250,-0.542,9.985,,,-0.528,10.021,0.0419,0.0419
3.300,-0.791,9.969,-0.888,10.169,-0.782,10.006,0.0413,0.0413
3.350,-1.040,9.946,,,-1.032,9.998,0.0421,0.0421
3.400,-1.288,9.917,-1.362,10.096,-1.290,9.967,0.0415,0.0415
3.450,-1.536,9.881,-1.671,9.577,-1.541,9.904,0.0409,0.0409
3.500,-1.782,9.840,-1.809,9.635,-1.787,9.854,0.0404,0.0404
3.550,-2.028,9.792,,,-2.034,9.819,0.0411,0.0411
3.600,-2.272,9.738,-2.494,9.641,-2.276,9.750,0.0405,0.0405
3.650,-2.515,9.679,-2.492,9.412,-2.524,9.676,0.0400,0.0400
3.700,-2.756,9.613,,,-2.769,9.623,0.0408,0.0408
3.750,-2.995,9.541,,,-3.013,9.569,0.0419,0.0419
3.800,-3.233,9.463,,,-3.258,9.515,0.0435,0.0435
3.850,-3.468,9.379,-3.380,9.356,-3.479,9.408,0.0423,0.0423
3.900,-3.702,9.290,-3.666,9.241,-3.713,9.302,0.0416,0.0416
3.950,-3.933,9.194,,,-3.951,9.221,0.0425,0.0425
4.000,-4.161,9.093,,,-4.189,9.140,0.0438,0.0438
4.050,-4.387,8.986,,,-4.427,9.060,0.0457,0.0457
4.100,-4.611,8.874,-4.562,9.198,-4.628,8.913,0.0440,0.0440
4.150,-4.831,8.756,-5.000,8.916,-4.839,8.795,0.0432,0.0432
4.200,-5.048,8.632,,,-5.060,8.685,0.0441,0.0441
4.250,-5.263,8.503,,,-5.281,8.576,0.0454,0.0454
4.300,-5.474,8.369,,,-5.502,8.466,0.0472,0.0472
4.350,-5.681,8.230,-5.566,8.395,-5.698,8.301,0.0455,0.0455
4.400,-5.885,8.085,,,-5.913,8.175,0.0467,0.0467
4.450,-6.085,7.935,,,-6.129,8.048,0.0484,0.0484
4.500,-6.282,7.781,,,-6.345,7.922,0.0506,0.0506
4.550,-6.474,7.621,-6.522,7.792,-6.476,7.708,0.0480,0.0480
4.600,-6.663,7.457,,,-6.670,7.558,0.0494,0.0494
4.650,-6.847,7.288,-6.626,7.450,-6.816,7.382,0.0478,0.0478
4.700,-7.027,7.115,-7.029,6.789,-6.989,7.181,0.0467,0.0467
4.750,-7.203,6.937,,,-7.169,7.017,0.0475,0.0475
4.800,-7.374,6.755,,,-7.349,6.852,0.0486,0.0486
4.850,-7.540,6.568,-7.653,6.571,-7.502,6.658,0.0473,0.0473
4.900,-7.702,6.378,-7.778,6.584,-7.654,6.462,0.0462,0.0462
4.950,-7.859,6.183,-7.807,6.027,-7.815,6.257,0.0453,0.0453
5.000,-8.011,5.985,,,-7.976,6.071,0.0460,0.0460
5.050,-8.159,5.783,,,-8.137,5.884,0.0470,0.0470
5.100,-8.301,5.577,,,-8.298,5.697,0.0484,0.0484
5.150,-8.437,5.368,-8.260,5.922,-8.389,5.481,0.0469,0.0469
5.200,-8.569,5.155,-8.467,5.454,-8.497,5.282,0.0458,0.0458
5.250,-8.695,4.939,-8.642,5.104,-8.613,5.069,0.0449,0.0449
5.300,-8.816,4.720,,,-8.738,4.861,0.0456,0.0456
5.350,-8.931,4.498,-9.082,4.605,-8.867,4.625,0.0447,0.0447
5.400,-9.041,4.274,-8.793,3.946,-8.964,4.382,0.0439,0.0439
5.450,-9.145,4.046,,,-9.080,4.162,0.0446,0.0446
5.500,-9.243,3.817,-9.426,4.203,-9.189,3.939,0.0438,0.0438
5.550,-9.336,3.584,,,-9.297,3.713,0.0446,0.0446
5.600,-9.422,3.350,,,-9.406,3.486,0.0458,0.0458
5.650,-9.503,3.113,-9.437,2.888,-9.470,3.218,0.0447,0.0447
5.700,-9.578,2.875,-9.593,2.895,-9.535,2.976,0.0438,0.0438
5.750,-9.647,2.634,-9.696,2.426,-9.614,2.722,0.0431,0.0431
5.800,-9.710,2.392,,,-9.694,2.484,0.0438,0.0438
5.850,-9.766,2.149,-9.489,1.941,-9.736,2.230,0.0430,0.0430
5.900,-9.817,1.904,,,-9.805,1.991,0.0439,0.0439
5.950,-9.862,1.658,,,-9.875,1.752,0.0451,0.0451
6.000,-9.900,1.411,-9.874,1.351,-9.885,1.486,0.0440,0.0440
6.050,-9.932,1.163,,,-9.935,1.240,0.0451,0.0451
6.100,-9.958,0.915,-9.902,0.951,-9.927,0.986,0.0441,0.0441
6.150,-9.978,0.665,-9.769,0.600,-9.920,0.733,0.0433,0.0433
6.200,-9.991,0.416,,,-9.940,0.486,0.0441,0.0441
6.250,-9.999,0.166,,,-9.960,0.239,0.0452,0.0452
6.300,-10.000,-0.084,-9.922,0.063,-9.938,-0.007,0.0442,0.0442
6.350,-9.994,-0.334,-10.047,-0.710,-9.944,-0.280,0.0434,0.0434
6.400,-9.983,-0.584,-10.626,-0.492,-9.963,-0.526,0.0427,0.0427
6.450,-9.965,-0.833,-10.073,-1.118,-9.954,-0.786,0.0420,0.0420
6.500,-9.941,-1.082,-10.049,-1.112,-9.938,-1.032,0.0414,0.0414
6.550,-9.911,-1.330,,,-9.924,-1.278,0.0420,0.0420
6.600,-9.875,-1.577,-9.927,-1.740,-9.883,-1.542,0.0414,0.0414
6.650,-9.832,-1.824,,,-9.856,-1.791,0.0422,0.0422
6.700,-9.784,-2.069,,,-9.830,-2.041,0.0434,0.0434
6.750,-9.729,-2.313,-9.596,-2.156,-9.747,-2.279,0.0425,0.0425
6.800,-9.668,-2.555,-9.621,-2.304,-9.669,-2.506,0.0418,0.0418
6.850,-9.601,-2.796,,,-9.614,-2.749,0.0427,0.0427
6.900,-9.528,-3.035,-9.513,-2.916,-9.534,-2.983,0.0420,0.0420
6.950,-9.449,-3.273,,,-9.470,-3.224,0.0429,0.0429
7.000,-9.365,-3.508,-9.425,-3.604,-9.375,-3.460,0.0421,0.0421
7.050,-9.274,-3.741,,,-9.299,-3.697,0.0431,0.0431
7.100,-9.178,-3.971,-9.160,-4.337,-9.190,-3.930,0.0423,0.0423
7.150,-9.075,-4.200,-9.452,-4.177,-9.096,-4.151,0.0417,0.0417
7.200,-8.968,-4.425,-9.050,-4.094,-8.991,-4.370,0.0411,0.0411
7.250,-8.854,-4.648,-8.795,-4.383,-8.882,-4.584,0.0405,0.0405
7.300,-8.735,-4.868,-8.652,-4.962,-8.758,-4.809,0.0400,0.0400
7.350,-8.611,-5.085,-8.707,-4.720,-8.637,-5.011,0.0395,0.0395
7.400,-8.481,-5.298,-8.655,-5.491,-8.511,-5.236,0.0391,0.0391
7.450,-8.346,-5.509,-8.398,-5.729,-8.376,-5.457,0.0387,0.0387
7.500,-8.206,-5.716,-8.528,-6.019,-8.243,-5.678,0.0383,0.0383
7.550,-8.060,-5.919,-7.712,-5.980,-8.085,-5.886,0.0379,0.0379
7.600,-7.910,-6.119,,,-7.944,-6.094,0.0385,0.0385
7.650,-7.754,-6.314,-7.787,-6.176,-7.787,-6.272,0.0381,0.0381
7.700,-7.594,-6.506,-7.857,-6.344,-7.637,-6.458,0.0378,0.0378
7.750,-7.429,-6.694,-7.414,-6.608,-7.468,-6.644,0.0374,0.0374
7.800,-7.259,-6.878,-7.206,-6.852,-7.296,-6.818,0.0371,0.0371
7.850,-7.085,-7.057,,,-7.133,-7.001,0.0378,0.0378
7.900,-6.907,-7.232,,,-6.969,-7.183,0.0389,0.0389
7.950,-6.724,-7.402,,,-6.806,-7.366,0.0405,0.0405
8.000,-6.536,-7.568,,,-6.642,-7.548,0.0427,0.0427
8.050,-6.345,-7.729,,,-6.479,-7.730,0.0456,0.0456
8.100,-6.150,-7.885,,,-6.315,-7.913,0.0492,0.0492
8.150,-5.951,-8.037,,,-6.152,-8.095,0.0534,0.0534
8.200,-5.748,-8.183,,,-5.988,-8.278,0.0582,0.0582
8.250,-5.542,-8.324,,,-5.825,-8.460,0.0636,0.0636
8.300,-5.332,-8.460,,,-5.661,-8.642,0.0696,0.0696
8.350,-5.119,-8.590,,,-5.498,-8.825,0.0760,0.0760
8.400,-4.903,-8.716,,,-5.334,-9.007,0.0829,0.0829
8.450,-4.683,-8.836,,,-5.171,-9.190,0.0902,0.0902
8.500,-4.461,-8.950,,,-5.007,-9.372,0.0979,0.0979
8.550,-4.236,-9.059,,,-4.844,-9.554,0.1059,0.1059
8.600,-4.008,-9.162,,,-4.680,-9.737,0.1143,0.1143
8.650,-3.778,-9.259,,,-4.516,-9.919,0.1230,0.1230
8.700,-3.545,-9.351,,,-4.353,-10.102,0.1320,0.1320
8.750,-3.310,-9.436,,,-4.189,-10.284,0.1413,0.1413
8.800,-3.073,-9.516,,,-4.026,-10.467,0.1509,0.1509
8.850,-2.834,-9.590,,,-3.862,-10.649,0.1607,0.1607
8.900,-2.594,-9.658,,,-3.699,-10.831,0.1709,0.1709
8.950,-2.352,-9.720,,,-3.535,-11.014,0.1812,0.1812
9.000,-2.108,-9.775,,,-3.372,-11.196,0.1918,0.1918
9.050,-1.863,-9.825,,,-3.208,-11.379,0.2026,0.2026
9.100,-1.617,-9.868,,,-3.045,-11.561,0.2137,0.2137
9.150,-1.370,-9.906,,,-2.881,-11.743,0.2250,0.2250
9.200,-1.122,-9.937,,,-2.718,-11.926,0.2365,0.2365
9.250,-0.873,-9.962,,,-2.554,-12.108,0.2482,0.2482
9.300,-0.623,-9.981,,,-2.391,-12.291,0.2601,0.2601
9.350,-0.374,-9.993,,,-2.227,-12.473,0.2723,0.2723
9.400,-0.124,-9.999,,,-2.064,-12.655,0.2846,0.2846
9.450,0.126,-9.999,,,-1.900,-12.838,0.2971,0.2971
9.500,0.376,-9.993,,,-1.737,-13.020,0.3098,0.3098
9.550,0.626,-9.980,,,-1.573,-13.203,0.3227,0.3227
9.600,0.875,-9.962,,,-1.410,-13.385,0.3358,0.3358
9.650,1.124,-9.937,,,-1.246,-13.568,0.3490,0.3490
9.700,1.372,-9.905,,,-1.082,-13.750,0.3625,0.3625
9.750,1.619,-9.868,,,-0.919,-13.932,0.3761,0.3761
9.800,1.865,-9.825,,,-0.755,-14.115,0.3899,0.3899
9.850,2.110,-9.775,,,-0.592,-14.297,0.4039,0.4039
9.900,2.354,-9.719,,,-0.428,-14.480,0.4180,0.4180
9.950,2.596,-9.657,,,-0.265,-14.662,0.4323,0.4323
10.000,2.837,-9.589,2.890,-9.788,2.410,-9.746,0.1565,0.1565
10.050,3.075,-9.515,,,2.657,-9.702,0.1579,0.1579
10.100,3.312,-9.435,3.126,-9.539,2.976,-9.518,0.1229,0.1229
10.150,3.547,-9.350,,,3.221,-9.455,0.1235,0.1235
10.200,3.780,-9.258,,,3.466,-9.392,0.1243,0.1243
10.250,4.010,-9.161,3.715,-9.346,3.676,-9.266,0.1054,0.1054
10.300,4.238,-9.058,,,3.909,-9.182,0.1058,0.1058
10.350,4.463,-8.949,,,4.142,-9.097,0.1065,0.1065
10.400,4.685,-8.835,,,4.375,-9.012,0.1074,0.1074
10.450,4.905,-8.715,4.880,-8.564,4.663,-8.786,0.0944,0.0944
10.500,5.121,-8.589,5.366,-8.134,4.958,-8.563,0.0854,0.0854
10.550,5.334,-8.459,,,5.181,-8.450,0.0858,0.0858
10.600,5.544,-8.323,5.257,-8.510,5.361,-8.329,0.0790,0.0790
10.650,5.750,-8.181,5.647,-8.515,5.578,-8.225,0.0736,0.0736
10.700,5.953,-8.035,,,5.788,-8.088,0.0740,0.0740
10.750,6.152,-7.884,6.260,-8.015,6.016,-7.938,0.0695,0.0695
10.800,6.347,-7.728,,,6.219,-7.791,0.0700,0.0700
10.850,6.538,-7.567,,,6.423,-7.644,0.0707,0.0707
10.900,6.725,-7.401,,,6.626,-7.497,0.0717,0.0717
10.950,6.908,-7.230,6.967,-7.309,6.803,-7.301,0.0673,0.0673
11.000,7.087,-7.055,7.424,-7.162,7.033,-7.122,0.0639,0.0639
11.050,7.261,-6.876,7.416,-7.007,7.222,-6.947,0.0611,0.0611
11.100,7.430,-6.692,,,7.402,-6.773,0.0616,0.0616
11.150,7.595,-6.505,7.919,-6.711,7.587,-6.591,0.0590,0.0590
11.200,7.756,-6.313,7.817,-6.593,7.750,-6.418,0.0568,0.0568
11.250,7.911,-6.117,,,7.914,-6.233,0.0573,0.0573
11.300,8.061,-5.917,,,8.078,-6.048,0.0581,0.0581
11.350,8.207,-5.714,8.126,-5.350,8.204,-5.788,0.0559,0.0559
11.400,8.347,-5.507,8.427,-5.639,8.349,-5.579,0.0540,0.0540
11.450,8.482,-5.296,8.404,-5.114,8.482,-5.355,0.0524,0.0524
11.500,8.612,-5.083,8.862,-5.117,8.630,-5.138,0.0509,0.0509
11.550,8.736,-4.866,8.572,-5.065,8.745,-4.929,0.0495,0.0495
11.600,8.855,-4.646,,,8.877,-4.715,0.0500,0.0500
11.650,8.969,-4.423,,,9.009,-4.502,0.0508,0.0508
11.700,9.076,-4.198,9.208,-3.892,9.107,-4.254,0.0494,0.0494
11.750,9.178,-3.969,,,9.224,-4.036,0.0502,0.0502
11.800,9.275,-3.739,,,9.341,-3.818,0.0514,0.0514
11.850,9.365,-3.506,9.882,-3.656,9.428,-3.576,0.0497,0.0497
11.900,9.450,-3.271,,,9.526,-3.349,0.0507,0.0507
11.950,9.529,-3.033,,,9.625,-3.122,0.0521,0.0521
12.000,9.602,-2.794,,,9.723,-2.895,0.0539,0.0539
12.050,9.669,-2.553,9.633,-2.155,9.732,-2.606,0.0513,0.0513
12.100,9.729,-2.311,,,9.809,-2.370,0.0525,0.0525
12.150,9.784,-2.067,9.805,-2.171,9.840,-2.105,0.0507,0.0507
12.200,9.833,-1.822,,,9.904,-1.859,0.0517,0.0517
12.250,9.875,-1.575,,,9.968,-1.614,0.0530,0.0530
12.300,9.911,-1.328,,,10.032,-1.368,0.0548,0.0548
12.350,9.942,-1.080,10.132,-1.181,10.027,-1.116,0.0522,0.0522
12.400,9.965,-0.831,9.869,-0.977,10.034,-0.869,0.0506,0.0506
12.450,9.983,-0.582,9.768,-0.398,10.029,-0.602,0.0493,0.0493
12.500,9.994,-0.332,,,10.057,-0.351,0.0500,0.0500
12.550,10.000,-0.082,9.737,-0.184,10.033,-0.110,0.0487,0.0487
12.600,9.999,0.168,,,10.048,0.139,0.0494,0.0494
12.650,9.991,0.418,,,10.063,0.388,0.0505,0.0505
12.700,9.978,0.668,,,10.078,0.637,0.0521,0.0521
12.750,9.958,0.917,,,10.093,0.886,0.0542,0.0542
12.800,9.932,1.165,,,10.109,1.135,0.0568,0.0568
12.850,9.900,1.413,9.787,1.640,9.952,1.394,0.0528,0.0528
12.900,9.861,1.660,,,9.929,1.642,0.0542,0.0542
12.950,9.817,1.906,9.821,2.111,9.853,1.919,0.0520,0.0520
13.000,9.766,2.151,,,9.818,2.171,0.0531,0.0531
13.050,9.709,2.395,9.805,2.164,9.736,2.392,0.0513,0.0513
13.100,9.646,2.637,,,9.685,2.639,0.0522,0.0522
13.150,9.577,2.877,9.660,2.349,9.614,2.827,0.0506,0.0506
13.200,9.502,3.115,,,9.556,3.065,0.0515,0.0515
13.250,9.421,3.352,,,9.498,3.303,0.0526,0.0526
13.300,9.335,3.586,9.285,3.570,9.390,3.528,0.0508,0.0508
13.350,9.242,3.819,9.298,3.759,9.294,3.757,0.0495,0.0495
13.400,9.144,4.049,9.163,4.313,9.194,4.000,0.0482,0.0482
13.450,9.040,4.276,9.182,4.157,9.093,4.229,0.0472,0.0472
13.500,8.930,4.500,8.764,4.524,8.966,4.459,0.0461,0.0461
13.550,8.815,4.722,9.027,4.659,8.861,4.686,0.0452,0.0452
13.600,8.694,4.941,,,8.752,4.914,0.0458,0.0458
13.650,8.568,5.157,8.615,5.298,8.615,5.129,0.0449,0.0449
13.700,8.436,5.369,8.341,5.230,8.466,5.338,0.0441,0.0441
13.750,8.299,5.579,8.067,5.585,8.322,5.544,0.0433,0.0433
13.800,8.157,5.784,,,8.190,5.755,0.0439,0.0439
13.850,8.010,5.987,,,8.059,5.966,0.0449,0.0449
13.900,7.858,6.185,,,7.928,6.176,0.0463,0.0463
13.950,7.701,6.379,,,7.797,6.387,0.0483,0.0483
14.000,7.539,6.570,7.737,6.458,7.592,6.537,0.0462,0.0462
14.050,7.372,6.756,7.200,7.003,7.412,6.731,0.0451,0.0451
14.100,7.201,6.938,7.064,7.334,7.231,6.923,0.0443,0.0443
14.150,7.026,7.116,,,7.067,7.107,0.0451,0.0451
14.200,6.845,7.290,7.184,7.454,6.904,7.272,0.0442,0.0442
14.250,6.661,7.459,,,6.735,7.446,0.0450,0.0450
14.300,6.473,7.623,6.603,7.449,6.545,7.595,0.0441,0.0441
14.350,6.280,7.782,5.931,7.809,6.337,7.758,0.0434,0.0434
14.400,6.084,7.937,6.271,8.085,6.146,7.925,0.0427,0.0427
14.450,5.883,8.086,5.950,8.460,5.945,8.095,0.0420,0.0420
14.500,5.679,8.231,5.677,7.820,5.736,8.225,0.0414,0.0414
14.550,5.472,8.370,,,5.536,8.378,0.0420,0.0420
14.600,5.261,8.504,5.179,8.278,5.320,8.500,0.0414,0.0414
14.650,5.047,8.633,5.272,8.731,5.112,8.629,0.0408,0.0408
14.700,4.829,8.757,4.480,8.938,4.873,8.757,0.0403,0.0403
14.750,4.609,8.875,,,4.658,8.886,0.0410,0.0410
14.800,4.385,8.987,,,4.442,9.015,0.0420,0.0420
14.850,4.159,9.094,4.215,9.349,4.205,9.122,0.0413,0.0413
14.900,3.931,9.195,,,3.982,9.239,0.0423,0.0423
14.950,3.700,9.290,,,3.758,9.357,0.0437,0.0437
15.000,3.466,9.380,,,3.535,9.474,0.0457,0.0457
15.050,3.231,9.464,,,3.312,9.592,0.0483,0.0483
15.100,2.993,9.542,2.906,9.875,3.038,9.618,0.0455,0.0455
15.150,2.754,9.613,,,2.804,9.710,0.0470,0.0470
15.200,2.513,9.679,2.597,9.546,2.571,9.735,0.0455,0.0455
15.250,2.270,9.739,1.923,9.631,2.295,9.774,0.0446,0.0446
15.300,2.026,9.793,,,2.054,9.841,0.0454,0.0454
15.350,1.780,9.840,,,1.813,9.908,0.0467,0.0467
15.400,1.534,9.882,1.663,10.172,1.559,9.937,0.0454,0.0454
15.450,1.286,9.917,,,1.312,9.989,0.0465,0.0465
15.500,1.038,9.946,0.967,10.069,1.051,10.002,0.0454,0.0454
15.550,0.789,9.969,,,0.801,10.040,0.0464,0.0464
15.600,0.540,9.985,0.762,9.607,0.551,10.026,0.0453,0.0453
15.650,0.290,9.996,0.254,10.074,0.303,10.039,0.0444,0.0444
15.700,0.040,10.000,0.038,10.064,0.052,10.045,0.0437,0.0437
15.750,-0.210,9.998,0.245,9.736,-0.175,10.025,0.0429,0.0429
15.800,-0.460,9.989,-0.273,9.803,-0.424,10.011,0.0422,0.0422
15.850,-0.710,9.975,-0.734,10.011,-0.676,9.997,0.0416,0.0416
15.900,-0.959,9.954,-1.050,10.045,-0.928,9.984,0.0410,0.0410
15.950,-1.207,9.927,,,-1.177,9.972,0.0416,0.0416
16.000,-1.455,9.894,-1.632,10.113,-1.437,9.943,0.0410,0.0410
16.050,-1.702,9.854,-1.835,9.813,-1.684,9.894,0.0405,0.0405
16.100,-1.948,9.808,-1.863,9.903,-1.929,9.852,0.0400,0.0400
16.150,-2.192,9.757,-2.655,9.465,-2.190,9.790,0.0395,0.0395
16.200,-2.435,9.699,-2.506,9.433,-2.432,9.724,0.0391,0.0391
16.250,-2.677,9.635,,,-2.673,9.675,0.0397,0.0397
16.300,-2.917,9.565,-2.965,9.767,-2.905,9.597,0.0392,0.0392
16.350,-3.155,9.489,,,-3.141,9.533,0.0401,0.0401
16.400,-3.392,9.407,-3.569,9.210,-3.384,9.433,0.0396,0.0396
16.450,-3.626,9.320,,,-3.620,9.358,0.0405,0.0405
16.500,-3.857,9.226,-3.723,9.101,-3.836,9.248,0.0399,0.0399
16.550,-4.087,9.127,-3.789,8.990,-4.053,9.140,0.0394,0.0394
16.600,-4.314,9.022,-4.205,9.175,-4.270,9.038,0.0390,0.0390
16.650,-4.538,8.911,-4.694,9.328,-4.500,8.939,0.0386,0.0386
16.700,-4.759,8.795,-4.883,8.799,-4.728,8.827,0.0382,0.0382
16.750,-4.978,8.673,-4.922,8.368,-4.945,8.689,0.0378,0.0378
16.800,-5.193,8.546,,,-5.165,8.572,0.0385,0.0385
16.850,-5.405,8.414,-5.861,8.087,-5.381,8.426,0.0381,0.0381
16.900,-5.614,8.276,-5.398,8.009,-5.586,8.273,0.0378,0.0378
16.950,-5.819,8.133,-6.148,8.206,-5.802,8.132,0.0374,0.0374
17.000,-6.020,7.985,,,-6.010,7.995,0.0382,0.0382
17.050,-6.218,7.832,-6.478,8.122,-6.214,7.848,0.0378,0.0378
17.100,-6.412,7.674,,,-6.416,7.702,0.0387,0.0387
17.150,-6.601,7.511,-6.260,7.623,-6.589,7.528,0.0383,0.0383
17.200,-6.787,7.344,,,-6.784,7.370,0.0392,0.0392
17.250,-6.969,7.172,,,-6.979,7.212,0.0407,0.0407
17.300,-7.146,6.996,,,-7.175,7.055,0.0426,0.0426
17.350,-7.318,6.815,-7.694,6.897,-7.329,6.843,0.0411,0.0411
17.400,-7.486,6.630,,,-7.508,6.669,0.0425,0.0425
17.450,-7.650,6.440,-7.567,6.618,-7.638,6.468,0.0416,0.0416
17.500,-7.808,6.247,-8.088,6.238,-7.807,6.273,0.0409,0.0409
17.550,-7.962,6.050,,,-7.970,6.086,0.0419,0.0419
17.600,-8.111,5.849,,,-8.133,5.899,0.0431,0.0431
17.650,-8.255,5.645,,,-8.296,5.712,0.0449,0.0449
17.700,-8.393,5.436,,,-8.459,5.525,0.0473,0.0473
17.750,-8.526,5.225,-8.488,5.049,-8.565,5.253,0.0449,0.0449
17.800,-8.654,5.010,,,-8.714,5.047,0.0463,0.0463
17.850,-8.777,4.792,,,-8.863,4.841,0.0482,0.0482
17.900,-8.894,4.571,,,-9.013,4.635,0.0506,0.0506
17.950,-9.005,4.348,,,-9.162,4.429,0.0535,0.0535
18.000,-9.111,4.121,-9.144,4.010,-9.188,4.161,0.0494,0.0494
18.050,-9.211,3.892,,,-9.311,3.944,0.0510,0.0510
18.100,-9.306,3.661,-9.313,3.925,-9.342,3.726,0.0490,0.0490
18.150,-9.394,3.427,,,-9.443,3.506,0.0502,0.0502
18.200,-9.477,3.191,,,-9.543,3.285,0.0517,0.0517
18.250,-9.554,2.953,,,-9.644,3.065,0.0537,0.0537
18.300,-9.625,2.713,-9.484,2.861,-9.671,2.797,0.0510,0.0510
18.350,-9.690,2.472,-9.725,2.448,-9.718,2.548,0.0495,0.0495
18.400,-9.748,2.229,,,-9.793,2.313,0.0504,0.0504
18.450,-9.801,1.985,-9.461,2.673,-9.813,2.088,0.0490,0.0490
18.500,-9.848,1.739,,,-9.877,1.844,0.0498,0.0498
18.550,-9.888,1.492,-9.647,1.425,-9.890,1.578,0.0485,0.0485
18.600,-9.922,1.245,-9.801,1.238,-9.918,1.322,0.0474,0.0474
18.650,-9.950,0.996,,,-9.963,1.073,0.0481,0.0481
18.700,-9.972,0.747,-10.103,0.997,-9.984,0.825,0.0470,0.0470
18.750,-9.988,0.498,-9.903,0.537,-9.995,0.569,0.0460,0.0460
18.800,-9.997,0.248,,,-10.021,0.315,0.0466,0.0466
18.850,-10.000,-0.002,,,-10.047,0.062,0.0476,0.0476
18.900,-9.997,-0.252,,,-10.073,-0.191,0.0491,0.0491
18.950,-9.987,-0.502,,,-10.099,-0.445,0.0511,0.0511
19.000,-9.972,-0.752,,,-10.126,-0.698,0.0537,0.0537
19.050,-9.950,-1.001,-9.873,-1.064,-9.985,-0.974,0.0502,0.0502
19.100,-9.922,-1.249,-9.927,-1.129,-9.944,-1.204,0.0486,0.0486
19.150,-9.887,-1.497,-10.375,-1.443,-9.930,-1.448,0.0475,0.0475
19.200,-9.847,-1.743,-9.546,-1.848,-9.867,-1.701,0.0465,0.0465
19.250,-9.800,-1.989,,,-9.834,-1.949,0.0471,0.0471
19.300,-9.747,-2.233,,,-9.800,-2.196,0.0481,0.0481
19.350,-9.689,-2.476,,,-9.767,-2.444,0.0495,0.0495
19.400,-9.624,-2.718,,,-9.733,-2.691,0.0515,0.0515
19.450,-9.553,-2.957,,,-9.700,-2.939,0.0540,0.0540
19.500,-9.476,-3.195,-9.344,-3.368,-9.519,-3.179,0.0505,0.0505
19.550,-9.393,-3.431,,,-9.453,-3.421,0.0520,0.0520
19.600,-9.304,-3.665,,,-9.386,-3.664,0.0538,0.0538
19.650,-9.210,-3.896,,,-9.320,-3.907,0.0560,0.0560
19.700,-9.109,-4.125,-9.246,-3.905,-9.138,-4.069,0.0526,0.0526
19.750,-9.004,-4.352,-8.701,-4.177,-9.006,-4.295,0.0509,0.0509
19.800,-8.892,-4.575,-9.160,-4.795,-8.908,-4.529,0.0495,0.0495
19.850,-8.775,-4.796,,,-8.804,-4.754,0.0502,0.0502
19.900,-8.652,-5.014,-8.679,-5.007,-8.671,-4.970,0.0489,0.0489
19.950,-8.524,-5.229,-8.292,-5.314,-8.523,-5.184,0.0478,0.0478
