t,true_x,true_y,est_x,est_y,sig_x,sig_y,delivered,link_bad
0.000,10.000,0.000,9.862,0.214,0.3453,0.3453,1,0
0.050,9.997,0.250,9.911,0.564,0.1731,0.1731,1,0
0.100,9.988,0.500,9.867,0.679,0.1309,0.1309,1,0
0.150,9.972,0.749,10.096,0.874,0.1095,0.1095,1,0
0.200,9.950,0.998,10.020,1.140,0.0961,0.0961,1,0
0.250,9.922,1.247,9.991,1.341,0.0867,0.0867,1,0
0.300,9.888,1.494,9.991,1.341,0.0867,0.0867,0,0
0.350,9.847,1.741,9.956,1.587,0.0796,0.0796,1,0
0.400,9.801,1.987,9.825,2.078,0.0743,0.0743,1,0
0.450,9.748,2.231,9.825,2.078,0.0743,0.0743,0,0
0.500,9.689,2.474,9.653,2.570,0.0701,0.0701,1,0
0.550,9.624,2.715,9.563,2.813,0.0663,0.0663,1,0
0.600,9.553,2.955,9.563,2.813,0.0663,0.0663,0,0
0.650,9.477,3.193,9.434,3.242,0.0603,0.0603,1,0
0.700,9.394,3.429,9.434,3.242,0.0603,0.0603,0,0
0.750,9.305,3.663,9.331,3.464,0.0579,0.0579,1,0
0.800,9.211,3.894,9.141,3.908,0.0540,0.0540,1,0
0.850,9.110,4.123,9.141,3.908,0.0540,0.0540,0,1
0.900,9.004,4.350,9.141,3.908,0.0540,0.0540,0,1
0.950,8.893,4.573,8.838,4.610,0.0531,0.0531,1,0
1.000,8.776,4.794,8.709,4.818,0.0516,0.0516,1,0
1.050,8.653,5.012,8.709,4.818,0.0516,0.0516,0,0
1.100,8.525,5.227,8.484,5.224,0.0489,0.0489,1,0
1.150,8.392,5.438,8.332,5.414,0.0477,0.0477,1,0
1.200,8.253,5.646,8.214,5.632,0.0467,0.0467,1,0
1.250,8.110,5.851,8.085,5.849,0.0457,0.0457,1,0
1.300,7.961,6.052,7.945,6.047,0.0448,0.0448,1,0
1.350,7.807,6.249,7.945,6.047,0.0448,0.0448,0,0
1.400,7.648,6.442,7.652,6.465,0.0432,0.0432,1,0
1.450,7.485,6.631,7.509,6.651,0.0425,0.0425,1,0
1.500,7.317,6.816,7.342,6.826,0.0418,0.0418,1,0
1.550,7.144,6.997,7.164,7.009,0.0412,0.0412,1,0
1.600,6.967,7.174,6.968,7.180,0.0406,0.0406,1,0
1.650,6.786,7.345,6.968,7.180,0.0406,0.0406,0,0
1.700,6.600,7.513,6.601,7.489,0.0396,0.0396,1,0
1.750,6.410,7.675,6.601,7.489,0.0396,0.0396,0,1
1.800,6.216,7.833,6.601,7.489,0.0396,0.0396,0,1
1.850,6.018,7.986,6.037,7.978,0.0404,0.0404,1,0
1.900,5.817,8.134,5.835,8.125,0.0399,0.0399,1,0
1.950,5.612,8.277,5.835,8.125,0.0399,0.0399,0,0
2.000,5.403,8.415,5.622,8.271,0.0394,0.0394,1,0
2.050,5.191,8.547,5.406,8.411,0.0390,0.0390,1,0
2.100,4.976,8.674,4.974,8.677,0.0382,0.0382,1,0
2.150,4.757,8.796,4.764,8.805,0.0378,0.0378,1,0
2.200,4.536,8.912,4.764,8.805,0.0378,0.0378,0,0
2.250,4.312,9.023,4.326,9.024,0.0371,0.0371,1,0
2.300,4.085,9.128,4.103,9.140,0.0368,0.0368,1,0
2.350,3.855,9.227,4.103,9.140,0.0368,0.0368,0,0
2.400,3.624,9.320,3.636,9.333,0.0362,0.0362,1,0
2.450,3.389,9.408,3.405,9.429,0.0360,0.0360,1,0
2.500,3.153,9.490,3.405,9.429,0.0360,0.0360,0,0
2.550,2.915,9.566,3.169,9.509,0.0357,0.0357,1,0
2.600,2.675,9.636,2.684,9.662,0.0353,0.0353,1,0
2.650,2.433,9.699,2.451,9.740,0.0351,0.0351,1,0
2.700,2.190,9.757,2.451,9.740,0.0351,0.0351,0,0
2.750,1.945,9.809,2.451,9.740,0.0351,0.0351,0,0
2.800,1.700,9.854,2.209,9.808,0.0349,0.0349,1,0
2.850,1.453,9.894,1.718,9.894,0.0345,0.0345,1,0
2.900,1.205,9.927,1.718,9.894,0.0345,0.0345,0,0
2.950,0.956,9.954,1.477,9.936,0.0343,0.0343,1,0
3.000,0.707,9.975,1.223,9.973,0.0342,0.0342,1,0
3.050,0.458,9.990,1.223,9.973,0.0342,0.0342,0,0
3.100,0.208,9.998,0.965,10.000,0.0340,0.0340,1,0
3.150,-0.042,10.000,0.712,10.012,0.0339,0.0339,1,0
3.200,-0.292,9.996,0.218,10.034,0.0336,0.0336,1,0
3.250,-0.542,9.985,0.218,10.034,0.0336,0.0336,0,0
3.300,-0.791,9.969,0.218,10.034,0.0336,0.0336,0,0
3.350,-1.040,9.946,-0.531,10.007,0.0341,0.0341,1,0
3.400,-1.288,9.917,-0.783,9.995,0.0339,0.0339,1,0
3.450,-1.536,9.881,-1.035,9.972,0.0338,0.0338,1,0
3.500,-1.782,9.840,-1.035,9.972,0.0338,0.0338,0,0
3.550,-2.028,9.792,-1.290,9.949,0.0337,0.0337,1,0
3.600,-2.272,9.738,-1.786,9.852,0.0335,0.0335,1,0
3.650,-2.515,9.679,-1.786,9.852,0.0335,0.0335,0,0
3.700,-2.756,9.613,-2.281,9.750,0.0333,0.0333,1,0
3.750,-2.995,9.541,-2.281,9.750,0.0333,0.0333,0,0
3.800,-3.233,9.463,-2.527,9.683,0.0332,0.0332,1,0
3.850,-3.468,9.379,-2.990,9.542,0.0330,0.0330,1,0
3.900,-3.702,9.290,-3.463,9.373,0.0328,0.0328,1,0
3.950,-3.933,9.194,-3.699,9.282,0.0327,0.0327,1,0
4.000,-4.161,9.093,-4.157,9.082,0.0326,0.0326,1,0
4.050,-4.387,8.986,-4.157,9.082,0.0326,0.0326,0,0
4.100,-4.611,8.874,-4.385,8.987,0.0325,0.0325,1,0
4.150,-4.831,8.756,-4.385,8.987,0.0325,0.0325,0,0
4.200,-5.048,8.632,-4.826,8.771,0.0324,0.0324,1,0
4.250,-5.263,8.503,-5.260,8.519,0.0323,0.0323,1,0
4.300,-5.474,8.369,-5.473,8.388,0.0322,0.0322,1,0
4.350,-5.681,8.230,-5.682,8.257,0.0322,0.0322,1,0
4.400,-5.885,8.085,-5.888,8.114,0.0321,0.0321,1,0
4.450,-6.085,7.935,-6.093,7.961,0.0321,0.0321,1,0
4.500,-6.282,7.781,-6.281,7.808,0.0321,0.0321,1,0
4.550,-6.474,7.621,-6.467,7.650,0.0320,0.0320,1,0
4.600,-6.663,7.457,-6.467,7.650,0.0320,0.0320,0,0
4.650,-6.847,7.288,-6.831,7.322,0.0319,0.0319,1,0
4.700,-7.027,7.115,-7.008,7.143,0.0319,0.0319,1,0
4.750,-7.203,6.937,-7.185,6.963,0.0319,0.0319,1,0
4.800,-7.374,6.755,-7.363,6.790,0.0319,0.0319,1,0
4.850,-7.540,6.568,-7.363,6.790,0.0319,0.0319,0,0
4.900,-7.702,6.378,-7.530,6.610,0.0318,0.0318,1,0
4.950,-7.859,6.183,-7.847,6.227,0.0318,0.0318,1,0
5.000,-8.011,5.985,-8.004,6.024,0.0317,0.0317,1,0
5.050,-8.159,5.783,-8.004,6.024,0.0317,0.0317,0,0
5.100,-8.301,5.577,-8.165,5.822,0.0317,0.0317,1,0
5.150,-8.437,5.368,-8.436,5.420,0.0317,0.0317,1,0
5.200,-8.569,5.155,-8.436,5.420,0.0317,0.0317,0,0
5.250,-8.695,4.939,-8.676,5.010,0.0316,0.0316,1,0
5.300,-8.816,4.720,-8.802,4.784,0.0316,0.0316,1,0
5.350,-8.931,4.498,-8.927,4.559,0.0316,0.0316,1,0
5.400,-9.041,4.274,-8.927,4.559,0.0316,0.0316,0,1
5.450,-9.145,4.046,-8.927,4.559,0.0316,0.0316,0,1
5.500,-9.243,3.817,-8.927,4.559,0.0316,0.0316,0,1
5.550,-9.336,3.584,-8.927,4.559,0.0316,0.0316,0,1
5.600,-9.422,3.350,-8.927,4.559,0.0316,0.0316,0,1
5.650,-9.503,3.113,-8.927,4.559,0.0316,0.0316,0,1
5.700,-9.578,2.875,-8.927,4.559,0.0316,0.0316,0,1
5.750,-9.647,2.634,-8.927,4.559,0.0316,0.0316,0,1
5.800,-9.710,2.392,-8.927,4.559,0.0316,0.0316,0,1
5.850,-9.766,2.149,-8.927,4.559,0.0316,0.0316,0,1
5.900,-9.817,1.904,-8.927,4.559,0.0316,0.0316,0,1
5.950,-9.862,1.658,-8.927,4.559,0.0316,0.0316,0,1
6.000,-9.900,1.411,-9.942,1.486,0.0503,0.0503,1,0
6.050,-9.932,1.163,-9.942,1.486,0.0503,0.0503,0,0
6.100,-9.958,0.915,-9.946,0.971,0.0451,0.0451,1,0
6.150,-9.978,0.665,-9.946,0.971,0.0451,0.0451,0,0
6.200,-9.991,0.416,-9.952,0.492,0.0434,0.0434,1,0
6.250,-9.999,0.166,-9.946,0.240,0.0427,0.0427,1,0
6.300,-10.000,-0.084,-9.942,-0.005,0.0420,0.0420,1,0
6.350,-9.994,-0.334,-9.942,-0.005,0.0420,0.0420,0,0
6.400,-9.983,-0.584,-9.968,-0.522,0.0408,0.0408,1,0
6.450,-9.965,-0.833,-9.961,-0.781,0.0403,0.0403,1,0
6.500,-9.941,-1.082,-9.961,-0.781,0.0403,0.0403,0,0
6.550,-9.911,-1.330,-9.920,-1.288,0.0393,0.0393,1,0
6.600,-9.875,-1.577,-9.920,-1.288,0.0393,0.0393,0,0
6.650,-9.832,-1.824,-9.847,-1.794,0.0384,0.0384,1,0
6.700,-9.784,-2.069,-9.847,-1.794,0.0384,0.0384,0,0
6.750,-9.729,-2.313,-9.745,-2.277,0.0377,0.0377,1,0
6.800,-9.668,-2.555,-9.745,-2.277,0.0377,0.0377,0,0
6.850,-9.601,-2.796,-9.679,-2.509,0.0373,0.0373,1,0
6.900,-9.528,-3.035,-9.615,-2.768,0.0370,0.0370,1,1
6.950,-9.449,-3.273,-9.615,-2.768,0.0370,0.0370,0,1
7.000,-9.365,-3.508,-9.615,-2.768,0.0370,0.0370,0,1
7.050,-9.274,-3.741,-9.615,-2.768,0.0370,0.0370,0,1
7.100,-9.178,-3.971,-9.615,-2.768,0.0370,0.0370,0,1
7.150,-9.075,-4.200,-9.615,-2.768,0.0370,0.0370,0,1
7.200,-8.968,-4.425,-9.615,-2.768,0.0370,0.0370,0,1
7.250,-8.854,-4.648,-9.034,-4.425,0.0428,0.0428,1,1
7.300,-8.735,-4.868,-9.034,-4.425,0.0428,0.0428,0,1
7.350,-8.611,-5.085,-9.034,-4.425,0.0428,0.0428,0,1
7.400,-8.481,-5.298,-9.034,-4.425,0.0428,0.0428,0,1
7.450,-8.346,-5.509,-8.408,-5.530,0.0486,0.0486,1,1
7.500,-8.206,-5.716,-8.408,-5.530,0.0486,0.0486,0,1
7.550,-8.060,-5.919,-8.408,-5.530,0.0486,0.0486,0,1
7.600,-7.910,-6.119,-8.408,-5.530,0.0486,0.0486,0,1
7.650,-7.754,-6.314,-8.408,-5.530,0.0486,0.0486,0,0
7.700,-7.594,-6.506,-7.664,-6.481,0.0496,0.0496,1,0
7.750,-7.429,-6.694,-7.664,-6.481,0.0496,0.0496,0,0
7.800,-7.259,-6.878,-7.664,-6.481,0.0496,0.0496,0,0
7.850,-7.085,-7.057,-7.488,-6.663,0.0484,0.0484,1,0
7.900,-6.907,-7.232,-7.312,-6.834,0.0473,0.0473,1,0
7.950,-6.724,-7.402,-6.922,-7.185,0.0453,0.0453,1,0
8.000,-6.536,-7.568,-6.736,-7.372,0.0444,0.0444,1,0
8.050,-6.345,-7.729,-6.530,-7.546,0.0436,0.0436,1,0
8.100,-6.150,-7.885,-6.347,-7.700,0.0429,0.0429,1,0
8.150,-5.951,-8.037,-6.158,-7.860,0.0422,0.0422,1,0
8.200,-5.748,-8.183,-5.751,-8.165,0.0410,0.0410,1,0
8.250,-5.542,-8.324,-5.536,-8.301,0.0404,0.0404,1,0
8.300,-5.332,-8.460,-5.322,-8.437,0.0399,0.0399,1,0
8.350,-5.119,-8.590,-5.116,-8.569,0.0394,0.0394,1,0
8.400,-4.903,-8.716,-5.116,-8.569,0.0394,0.0394,0,0
8.450,-4.683,-8.836,-4.901,-8.694,0.0389,0.0389,1,0
8.500,-4.461,-8.950,-4.680,-8.824,0.0385,0.0385,1,1
8.550,-4.236,-9.059,-4.680,-8.824,0.0385,0.0385,0,1
8.600,-4.008,-9.162,-4.680,-8.824,0.0385,0.0385,0,1
8.650,-3.778,-9.259,-3.795,-9.277,0.0403,0.0403,1,0
8.700,-3.545,-9.351,-3.795,-9.277,0.0403,0.0403,0,0
8.750,-3.310,-9.436,-3.550,-9.374,0.0398,0.0398,1,1
8.800,-3.073,-9.516,-3.550,-9.374,0.0398,0.0398,0,1
8.850,-2.834,-9.590,-3.550,-9.374,0.0398,0.0398,0,1
8.900,-2.594,-9.658,-3.550,-9.374,0.0398,0.0398,0,1
8.950,-2.352,-9.720,-3.550,-9.374,0.0398,0.0398,0,1
9.000,-2.108,-9.775,-3.550,-9.374,0.0398,0.0398,0,1
9.050,-1.863,-9.825,-3.550,-9.374,0.0398,0.0398,0,1
9.100,-1.617,-9.868,-3.550,-9.374,0.0398,0.0398,0,1
9.150,-1.370,-9.906,-3.550,-9.374,0.0398,0.0398,0,1
9.200,-1.122,-9.937,-3.550,-9.374,0.0398,0.0398,0,1
9.250,-0.873,-9.962,-3.550,-9.374,0.0398,0.0398,0,1
9.300,-0.623,-9.981,-3.550,-9.374,0.0398,0.0398,0,1
9.350,-0.374,-9.993,-3.550,-9.374,0.0398,0.0398,0,1
9.400,-0.124,-9.999,-3.550,-9.374,0.0398,0.0398,0,1
9.450,0.126,-9.999,-3.550,-9.374,0.0398,0.0398,0,1
9.500,0.376,-9.993,-3.550,-9.374,0.0398,0.0398,0,1
9.550,0.626,-9.980,-3.550,-9.374,0.0398,0.0398,0,1
9.600,0.875,-9.962,-3.550,-9.374,0.0398,0.0398,0,1
9.650,1.124,-9.937,-3.550,-9.374,0.0398,0.0398,0,1
9.700,1.372,-9.905,1.112,-9.998,0.0701,0.0701,1,1
9.750,1.619,-9.868,1.112,-9.998,0.0701,0.0701,0,1
9.800,1.865,-9.825,1.112,-9.998,0.0701,0.0701,0,1
9.850,2.110,-9.775,1.112,-9.998,0.0701,0.0701,0,1
9.900,2.354,-9.719,1.112,-9.998,0.0701,0.0701,0,1
9.950,2.596,-9.657,1.112,-9.998,0.0701,0.0701,0,1
10.000,2.837,-9.589,1.112,-9.998,0.0701,0.0701,0,1
10.050,3.075,-9.515,1.112,-9.998,0.0701,0.0701,0,1
10.100,3.312,-9.435,1.112,-9.998,0.0701,0.0701,0,1
10.150,3.547,-9.350,1.112,-9.998,0.0701,0.0701,0,1
10.200,3.780,-9.258,3.792,-9.252,0.0842,0.0842,1,0
10.250,4.010,-9.161,3.792,-9.252,0.0842,0.0842,0,0
10.300,4.238,-9.058,3.961,-9.174,0.0770,0.0770,1,0
10.350,4.463,-8.949,4.184,-9.065,0.0719,0.0719,1,0
10.400,4.685,-8.835,4.623,-8.770,0.0644,0.0644,1,0
10.450,4.905,-8.715,4.855,-8.644,0.0615,0.0615,1,0
10.500,5.121,-8.589,4.855,-8.644,0.0615,0.0615,0,0
10.550,5.334,-8.459,5.096,-8.490,0.0589,0.0589,1,0
10.600,5.544,-8.323,5.357,-8.344,0.0567,0.0567,1,0
10.650,5.750,-8.181,5.743,-8.113,0.0530,0.0530,1,0
10.700,5.953,-8.035,5.743,-8.113,0.0530,0.0530,0,0
10.750,6.152,-7.884,6.150,-7.800,0.0500,0.0500,1,0
10.800,6.347,-7.728,6.345,-7.655,0.0487,0.0487,1,0
10.850,6.538,-7.567,6.532,-7.522,0.0476,0.0476,1,0
10.900,6.725,-7.401,6.723,-7.351,0.0465,0.0465,1,0
10.950,6.908,-7.230,6.909,-7.189,0.0455,0.0455,1,0
11.000,7.087,-7.055,7.112,-7.022,0.0446,0.0446,1,0
11.050,7.261,-6.876,7.292,-6.852,0.0438,0.0438,1,0
11.100,7.430,-6.692,7.460,-6.675,0.0431,0.0431,1,0
11.150,7.595,-6.505,7.460,-6.675,0.0431,0.0431,0,0
11.200,7.756,-6.313,7.635,-6.498,0.0423,0.0423,1,0
11.250,7.911,-6.117,7.951,-6.123,0.0411,0.0411,1,0
11.300,8.061,-5.917,7.951,-6.123,0.0411,0.0411,0,0
11.350,8.207,-5.714,8.243,-5.700,0.0400,0.0400,1,0
11.400,8.347,-5.507,8.388,-5.497,0.0395,0.0395,1,0
11.450,8.482,-5.296,8.523,-5.284,0.0390,0.0390,1,0
11.500,8.612,-5.083,8.664,-5.072,0.0386,0.0386,1,0
11.550,8.736,-4.866,8.664,-5.072,0.0386,0.0386,0,0
11.600,8.855,-4.646,8.899,-4.635,0.0378,0.0378,1,0
11.650,8.969,-4.423,8.899,-4.635,0.0378,0.0378,0,0
11.700,9.076,-4.198,9.114,-4.185,0.0371,0.0371,1,0
11.750,9.178,-3.969,9.209,-3.967,0.0368,0.0368,1,0
11.800,9.275,-3.739,9.209,-3.967,0.0368,0.0368,0,0
11.850,9.365,-3.506,9.303,-3.740,0.0365,0.0365,1,0
11.900,9.450,-3.271,9.406,-3.514,0.0362,0.0362,1,0
11.950,9.529,-3.033,9.558,-3.041,0.0357,0.0357,1,0
12.000,9.602,-2.794,9.635,-2.799,0.0355,0.0355,1,0
12.050,9.669,-2.553,9.700,-2.547,0.0353,0.0353,1,0
12.100,9.729,-2.311,9.756,-2.300,0.0351,0.0351,1,0
12.150,9.784,-2.067,9.812,-2.052,0.0349,0.0349,1,0
12.200,9.833,-1.822,9.865,-1.802,0.0347,0.0347,1,0
12.250,9.875,-1.575,9.865,-1.802,0.0347,0.0347,0,0
12.300,9.911,-1.328,9.936,-1.307,0.0343,0.0343,1,0
12.350,9.942,-1.080,9.936,-1.307,0.0343,0.0343,0,0
12.400,9.965,-0.831,9.999,-0.813,0.0340,0.0340,1,0
12.450,9.983,-0.582,9.999,-0.813,0.0340,0.0340,0,0
12.500,9.994,-0.332,10.017,-0.319,0.0338,0.0338,1,0
12.550,10.000,-0.082,10.015,-0.075,0.0336,0.0336,1,0
12.600,9.999,0.168,10.011,0.175,0.0335,0.0335,1,0
12.650,9.991,0.418,10.011,0.175,0.0335,0.0335,0,0
12.700,9.978,0.668,10.013,0.416,0.0334,0.0334,1,0
12.750,9.958,0.917,10.013,0.416,0.0334,0.0334,0,0
12.800,9.932,1.165,9.974,0.911,0.0332,0.0332,1,0
12.850,9.900,1.413,9.940,1.159,0.0331,0.0331,1,0
12.900,9.861,1.660,9.900,1.412,0.0330,0.0330,1,0
12.950,9.817,1.906,9.813,1.916,0.0328,0.0328,1,0
13.000,9.766,2.151,9.758,2.156,0.0328,0.0328,1,0
13.050,9.709,2.395,9.700,2.394,0.0327,0.0327,1,0
13.100,9.646,2.637,9.635,2.630,0.0326,0.0326,1,0
13.150,9.577,2.877,9.635,2.630,0.0326,0.0326,0,0
13.200,9.502,3.115,9.573,2.849,0.0325,0.0325,1,0
13.250,9.421,3.352,9.428,3.324,0.0332,0.0332,1,0
13.300,9.335,3.586,9.345,3.554,0.0331,0.0331,1,0
13.350,9.242,3.819,9.257,3.783,0.0330,0.0330,1,0
13.400,9.144,4.049,9.257,3.783,0.0330,0.0330,0,0
13.450,9.040,4.276,9.061,4.247,0.0329,0.0329,1,0
13.500,8.930,4.500,9.061,4.247,0.0329,0.0329,0,0
13.550,8.815,4.722,8.942,4.475,0.0328,0.0328,1,0
13.600,8.694,4.941,8.834,4.702,0.0327,0.0327,1,0
13.650,8.568,5.157,8.705,4.928,0.0327,0.0327,1,0
13.700,8.436,5.369,8.433,5.355,0.0325,0.0325,1,0
13.750,8.299,5.579,8.296,5.562,0.0325,0.0325,1,0
13.800,8.157,5.784,8.159,5.762,0.0324,0.0324,1,0
13.850,8.010,5.987,8.014,5.960,0.0324,0.0324,1,0
13.900,7.858,6.185,8.014,5.960,0.0324,0.0324,0,0
13.950,7.701,6.379,7.850,6.156,0.0323,0.0323,1,0
14.000,7.539,6.570,7.532,6.539,0.0322,0.0322,1,0
14.050,7.372,6.756,7.532,6.539,0.0322,0.0322,0,0
14.100,7.201,6.938,7.195,6.922,0.0321,0.0321,1,0
14.150,7.026,7.116,7.027,7.099,0.0321,0.0321,1,0
14.200,6.845,7.290,6.862,7.271,0.0320,0.0320,1,0
14.250,6.661,7.459,6.678,7.431,0.0320,0.0320,1,0
14.300,6.473,7.623,6.678,7.431,0.0320,0.0320,0,0
14.350,6.280,7.782,6.678,7.431,0.0320,0.0320,0,0
14.400,6.084,7.937,6.110,7.920,0.0319,0.0319,1,0
14.450,5.883,8.086,6.110,7.920,0.0319,0.0319,0,0
14.500,5.679,8.231,5.911,8.084,0.0319,0.0319,1,0
14.550,5.472,8.370,5.705,8.222,0.0318,0.0318,1,0
14.600,5.261,8.504,5.510,8.361,0.0318,0.0318,1,0
14.650,5.047,8.633,5.091,8.622,0.0317,0.0317,1,0
14.700,4.829,8.757,4.861,8.749,0.0317,0.0317,1,0
14.750,4.609,8.875,4.644,8.875,0.0317,0.0317,1,0
14.800,4.385,8.987,4.644,8.875,0.0317,0.0317,0,0
14.850,4.159,9.094,4.192,9.102,0.0317,0.0317,1,0
14.900,3.931,9.195,3.959,9.193,0.0316,0.0316,1,0
14.950,3.700,9.290,3.959,9.193,0.0316,0.0316,0,0
15.000,3.466,9.380,3.718,9.297,0.0316,0.0316,1,0
15.050,3.231,9.464,3.478,9.384,0.0316,0.0316,1,0
15.100,2.993,9.542,3.240,9.458,0.0316,0.0316,1,0
15.150,2.754,9.613,2.998,9.545,0.0316,0.0316,1,0
15.200,2.513,9.679,2.529,9.679,0.0315,0.0315,1,0
15.250,2.270,9.739,2.274,9.736,0.0315,0.0315,1,0
15.300,2.026,9.793,2.031,9.786,0.0315,0.0315,1,0
15.350,1.780,9.840,1.788,9.847,0.0315,0.0315,1,0
15.400,1.534,9.882,1.542,9.895,0.0315,0.0315,1,0
15.450,1.286,9.917,1.542,9.895,0.0315,0.0315,0,1
15.500,1.038,9.946,1.042,9.971,0.0322,0.0322,1,0
15.550,0.789,9.969,0.798,9.998,0.0322,0.0322,1,0
15.600,0.540,9.985,0.548,10.007,0.0322,0.0322,1,0
15.650,0.290,9.996,0.299,10.024,0.0321,0.0321,1,0
15.700,0.040,10.000,0.048,10.032,0.0321,0.0321,1,0
15.750,-0.210,9.998,0.048,10.032,0.0321,0.0321,0,0
15.800,-0.460,9.989,-0.188,10.021,0.0321,0.0321,1,0
15.850,-0.710,9.975,-0.690,9.998,0.0320,0.0320,1,0
15.900,-0.959,9.954,-0.939,9.983,0.0320,0.0320,1,0
15.950,-1.207,9.927,-1.195,9.959,0.0319,0.0319,1,0
16.000,-1.455,9.894,-1.451,9.932,0.0319,0.0319,1,0
16.050,-1.702,9.854,-1.451,9.932,0.0319,0.0319,0,0
16.100,-1.948,9.808,-1.942,9.847,0.0318,0.0318,1,0
16.150,-2.192,9.757,-2.197,9.789,0.0318,0.0318,1,0
16.200,-2.435,9.699,-2.437,9.728,0.0318,0.0318,1,0
16.250,-2.677,9.635,-2.437,9.728,0.0318,0.0318,0,0
16.300,-2.917,9.565,-2.906,9.583,0.0317,0.0317,1,0
16.350,-3.155,9.489,-3.148,9.508,0.0317,0.0317,1,0
16.400,-3.392,9.407,-3.148,9.508,0.0317,0.0317,0,0
16.450,-3.626,9.320,-3.388,9.419,0.0317,0.0317,1,0
16.500,-3.857,9.226,-3.388,9.419,0.0317,0.0317,0,0
16.550,-4.087,9.127,-3.388,9.419,0.0317,0.0317,0,0
16.600,-4.314,9.022,-3.856,9.241,0.0316,0.0316,1,0
16.650,-4.538,8.911,-4.077,9.140,0.0316,0.0316,1,0
16.700,-4.759,8.795,-4.757,8.828,0.0323,0.0323,1,0
16.750,-4.978,8.673,-4.973,8.691,0.0323,0.0323,1,0
16.800,-5.193,8.546,-5.190,8.563,0.0322,0.0322,1,0
16.850,-5.405,8.414,-5.190,8.563,0.0322,0.0322,0,0
16.900,-5.614,8.276,-5.190,8.563,0.0322,0.0322,0,0
16.950,-5.819,8.133,-5.613,8.288,0.0329,0.0329,1,0
17.000,-6.020,7.985,-5.613,8.288,0.0329,0.0329,0,0
17.050,-6.218,7.832,-5.824,8.145,0.0329,0.0329,1,0
17.100,-6.412,7.674,-6.427,7.689,0.0335,0.0335,1,0
17.150,-6.601,7.511,-6.427,7.689,0.0335,0.0335,0,0
17.200,-6.787,7.344,-6.786,7.353,0.0333,0.0333,1,0
17.250,-6.969,7.172,-6.786,7.353,0.0333,0.0333,0,0
17.300,-7.146,6.996,-6.961,7.176,0.0332,0.0332,1,0
17.350,-7.318,6.815,-7.315,6.821,0.0331,0.0331,1,0
17.400,-7.486,6.630,-7.315,6.821,0.0331,0.0331,0,0
17.450,-7.650,6.440,-7.639,6.450,0.0329,0.0329,1,0
17.500,-7.808,6.247,-7.807,6.260,0.0328,0.0328,1,0
17.550,-7.962,6.050,-7.962,6.060,0.0327,0.0327,1,0
17.600,-8.111,5.849,-8.100,5.847,0.0327,0.0327,1,0
17.650,-8.255,5.645,-8.240,5.636,0.0326,0.0326,1,0
17.700,-8.393,5.436,-8.240,5.636,0.0326,0.0326,0,0
17.750,-8.526,5.225,-8.380,5.430,0.0325,0.0325,1,0
17.800,-8.654,5.010,-8.380,5.430,0.0325,0.0325,0,0
17.850,-8.777,4.792,-8.756,4.795,0.0331,0.0331,1,0
17.900,-8.894,4.571,-8.862,4.563,0.0330,0.0330,1,0
17.950,-9.005,4.348,-8.973,4.342,0.0329,0.0329,1,0
18.000,-9.111,4.121,-8.973,4.342,0.0329,0.0329,0,0
18.050,-9.211,3.892,-8.973,4.342,0.0329,0.0329,0,0
18.100,-9.306,3.661,-9.274,3.678,0.0327,0.0327,1,0
18.150,-9.394,3.427,-9.274,3.678,0.0327,0.0327,0,0
18.200,-9.477,3.191,-9.368,3.438,0.0327,0.0327,1,0
18.250,-9.554,2.953,-9.439,3.208,0.0326,0.0326,1,0
18.300,-9.625,2.713,-9.599,2.721,0.0325,0.0325,1,0
18.350,-9.690,2.472,-9.599,2.721,0.0325,0.0325,0,0
18.400,-9.748,2.229,-9.722,2.235,0.0323,0.0323,1,0
18.450,-9.801,1.985,-9.769,2.003,0.0323,0.0323,1,0
18.500,-9.848,1.739,-9.769,2.003,0.0323,0.0323,0,0
18.550,-9.888,1.492,-9.811,1.760,0.0322,0.0322,1,0
18.600,-9.922,1.245,-9.884,1.257,0.0321,0.0321,1,0
18.650,-9.950,0.996,-9.907,1.001,0.0321,0.0321,1,0
18.700,-9.972,0.747,-9.907,1.001,0.0321,0.0321,0,0
18.750,-9.988,0.498,-9.935,0.753,0.0321,0.0321,1,0
18.800,-9.997,0.248,-9.969,0.248,0.0320,0.0320,1,0
18.850,-10.000,-0.002,-9.977,0.001,0.0319,0.0319,1,0
18.900,-9.997,-0.252,-9.977,0.001,0.0319,0.0319,0,0
18.950,-9.987,-0.502,-9.988,-0.245,0.0319,0.0319,1,0
19.000,-9.972,-0.752,-9.988,-0.245,0.0319,0.0319,0,0
19.050,-9.950,-1.001,-9.988,-0.245,0.0319,0.0319,0,0
19.100,-9.922,-1.249,-9.995,-0.739,0.0319,0.0319,1,0
19.150,-9.887,-1.497,-9.995,-0.739,0.0319,0.0319,0,0
19.200,-9.847,-1.743,-9.942,-1.241,0.0318,0.0318,1,0
19.250,-9.800,-1.989,-9.874,-1.736,0.0317,0.0317,1,0
19.300,-9.747,-2.233,-9.770,-2.228,0.0317,0.0317,1,0
19.350,-9.689,-2.476,-9.770,-2.228,0.0317,0.0317,0,0
19.400,-9.624,-2.718,-9.708,-2.472,0.0317,0.0317,1,0
19.450,-9.553,-2.957,-9.572,-2.941,0.0316,0.0316,1,0
19.500,-9.476,-3.195,-9.572,-2.941,0.0316,0.0316,0,1
19.550,-9.393,-3.431,-9.572,-2.941,0.0316,0.0316,0,1
19.600,-9.304,-3.665,-9.572,-2.941,0.0316,0.0316,0,1
19.650,-9.210,-3.896,-9.572,-2.941,0.0316,0.0316,0,1
19.700,-9.109,-4.125,-9.572,-2.941,0.0316,0.0316,0,1
19.750,-9.004,-4.352,-9.572,-2.941,0.0316,0.0316,0,1
19.800,-8.892,-4.575,-9.572,-2.941,0.0316,0.0316,0,1
19.850,-8.775,-4.796,-9.572,-2.941,0.0316,0.0316,0,0
19.900,-8.652,-5.014,-8.809,-4.759,0.0404,0.0404,1,0
19.950,-8.524,-5.229,-8.533,-5.184,0.0384,0.0384,1,0
